dataset,split,seed,task_type,model,metric_name,metric_value,task_count,predictions_path,train_rows,val_rows,test_rows,train_csv,val_csv,test_csv,complete_group
bbbp,random,0,classification,interpremol_frozen,roc_auc,0.7557928214447978,1,/home/ubuntu/interpremol_benchmarks/moleculenet_20260406_124952/bbbp/random/seed_0/interpremol_frozen/interpremol_frozen_predictions.csv,1631,204,204,/home/ubuntu/interpremol_benchmarks/moleculenet_20260406_124952/bbbp/random/seed_0/splits/train.csv,/home/ubuntu/interpremol_benchmarks/moleculenet_20260406_124952/bbbp/random/seed_0/splits/val.csv,/home/ubuntu/interpremol_benchmarks/moleculenet_20260406_124952/bbbp/random/seed_0/splits/test.csv,True
bbbp,random,0,classification,chemeleon_frozen,roc_auc,0.922308041799182,1,/home/ubuntu/interpremol_benchmarks/moleculenet_20260406_124952/bbbp/random/seed_0/chemeleon_frozen/chemeleon_frozen_predictions.csv,1631,204,204,/home/ubuntu/interpremol_benchmarks/moleculenet_20260406_124952/bbbp/random/seed_0/splits/train.csv,/home/ubuntu/interpremol_benchmarks/moleculenet_20260406_124952/bbbp/random/seed_0/splits/val.csv,/home/ubuntu/interpremol_benchmarks/moleculenet_20260406_124952/bbbp/random/seed_0/splits/test.csv,True
bbbp,random,0,classification,chemeleon_finetune,roc_auc,0.9309404815992732,1,/home/ubuntu/interpremol_benchmarks/moleculenet_20260406_124952/bbbp/random/seed_0/chemeleon_finetune/chemeleon_finetune_predictions.csv,1631,204,204,/home/ubuntu/interpremol_benchmarks/moleculenet_20260406_124952/bbbp/random/seed_0/splits/train.csv,/home/ubuntu/interpremol_benchmarks/moleculenet_20260406_124952/bbbp/random/seed_0/splits/val.csv,/home/ubuntu/interpremol_benchmarks/moleculenet_20260406_124952/bbbp/random/seed_0/splits/test.csv,True
bbbp,random,0,classification,random_forest,roc_auc,0.9123125851885504,1,/home/ubuntu/interpremol_benchmarks/moleculenet_20260406_124952/bbbp/random/seed_0/random_forest/random_forest_predictions.csv,1631,204,204,/home/ubuntu/interpremol_benchmarks/moleculenet_20260406_124952/bbbp/random/seed_0/splits/train.csv,/home/ubuntu/interpremol_benchmarks/moleculenet_20260406_124952/bbbp/random/seed_0/splits/val.csv,/home/ubuntu/interpremol_benchmarks/moleculenet_20260406_124952/bbbp/random/seed_0/splits/test.csv,True
bbbp,random,1,classification,interpremol_frozen,roc_auc,0.7549412393162394,1,/home/ubuntu/interpremol_benchmarks/moleculenet_20260406_124952/bbbp/random/seed_1/interpremol_frozen/interpremol_frozen_predictions.csv,1631,204,204,/home/ubuntu/interpremol_benchmarks/moleculenet_20260406_124952/bbbp/random/seed_1/splits/train.csv,/home/ubuntu/interpremol_benchmarks/moleculenet_20260406_124952/bbbp/random/seed_1/splits/val.csv,/home/ubuntu/interpremol_benchmarks/moleculenet_20260406_124952/bbbp/random/seed_1/splits/test.csv,True
bbbp,random,1,classification,chemeleon_frozen,roc_auc,0.905315170940171,1,/home/ubuntu/interpremol_benchmarks/moleculenet_20260406_124952/bbbp/random/seed_1/chemeleon_frozen/chemeleon_frozen_predictions.csv,1631,204,204,/home/ubuntu/interpremol_benchmarks/moleculenet_20260406_124952/bbbp/random/seed_1/splits/train.csv,/home/ubuntu/interpremol_benchmarks/moleculenet_20260406_124952/bbbp/random/seed_1/splits/val.csv,/home/ubuntu/interpremol_benchmarks/moleculenet_20260406_124952/bbbp/random/seed_1/splits/test.csv,True
bbbp,random,1,classification,chemeleon_finetune,roc_auc,0.9233440170940173,1,/home/ubuntu/interpremol_benchmarks/moleculenet_20260406_124952/bbbp/random/seed_1/chemeleon_finetune/chemeleon_finetune_predictions.csv,1631,204,204,/home/ubuntu/interpremol_benchmarks/moleculenet_20260406_124952/bbbp/random/seed_1/splits/train.csv,/home/ubuntu/interpremol_benchmarks/moleculenet_20260406_124952/bbbp/random/seed_1/splits/val.csv,/home/ubuntu/interpremol_benchmarks/moleculenet_20260406_124952/bbbp/random/seed_1/splits/test.csv,True
bbbp,random,1,classification,random_forest,roc_auc,0.9304887820512822,1,/home/ubuntu/interpremol_benchmarks/moleculenet_20260406_124952/bbbp/random/seed_1/random_forest/random_forest_predictions.csv,1631,204,204,/home/ubuntu/interpremol_benchmarks/moleculenet_20260406_124952/bbbp/random/seed_1/splits/train.csv,/home/ubuntu/interpremol_benchmarks/moleculenet_20260406_124952/bbbp/random/seed_1/splits/val.csv,/home/ubuntu/interpremol_benchmarks/moleculenet_20260406_124952/bbbp/random/seed_1/splits/test.csv,True
bbbp,random,2,classification,interpremol_frozen,roc_auc,0.7848557692307693,1,/home/ubuntu/interpremol_benchmarks/moleculenet_20260406_124952/bbbp/random/seed_2/interpremol_frozen/interpremol_frozen_predictions.csv,1631,204,204,/home/ubuntu/interpremol_benchmarks/moleculenet_20260406_124952/bbbp/random/seed_2/splits/train.csv,/home/ubuntu/interpremol_benchmarks/moleculenet_20260406_124952/bbbp/random/seed_2/splits/val.csv,/home/ubuntu/interpremol_benchmarks/moleculenet_20260406_124952/bbbp/random/seed_2/splits/test.csv,True
bbbp,random,2,classification,chemeleon_frozen,roc_auc,0.9354967948717948,1,/home/ubuntu/interpremol_benchmarks/moleculenet_20260406_124952/bbbp/random/seed_2/chemeleon_frozen/chemeleon_frozen_predictions.csv,1631,204,204,/home/ubuntu/interpremol_benchmarks/moleculenet_20260406_124952/bbbp/random/seed_2/splits/train.csv,/home/ubuntu/interpremol_benchmarks/moleculenet_20260406_124952/bbbp/random/seed_2/splits/val.csv,/home/ubuntu/interpremol_benchmarks/moleculenet_20260406_124952/bbbp/random/seed_2/splits/test.csv,True
bbbp,random,2,classification,chemeleon_finetune,roc_auc,0.9344284188034188,1,/home/ubuntu/interpremol_benchmarks/moleculenet_20260406_124952/bbbp/random/seed_2/chemeleon_finetune/chemeleon_finetune_predictions.csv,1631,204,204,/home/ubuntu/interpremol_benchmarks/moleculenet_20260406_124952/bbbp/random/seed_2/splits/train.csv,/home/ubuntu/interpremol_benchmarks/moleculenet_20260406_124952/bbbp/random/seed_2/splits/val.csv,/home/ubuntu/interpremol_benchmarks/moleculenet_20260406_124952/bbbp/random/seed_2/splits/test.csv,True
bbbp,random,2,classification,random_forest,roc_auc,0.9562633547008548,1,/home/ubuntu/interpremol_benchmarks/moleculenet_20260406_124952/bbbp/random/seed_2/random_forest/random_forest_predictions.csv,1631,204,204,/home/ubuntu/interpremol_benchmarks/moleculenet_20260406_124952/bbbp/random/seed_2/splits/train.csv,/home/ubuntu/interpremol_benchmarks/moleculenet_20260406_124952/bbbp/random/seed_2/splits/val.csv,/home/ubuntu/interpremol_benchmarks/moleculenet_20260406_124952/bbbp/random/seed_2/splits/test.csv,True
bbbp,scaffold,0,classification,interpremol_frozen,roc_auc,0.5936988149147316,1,/home/ubuntu/interpremol_benchmarks/moleculenet_20260406_124952/bbbp/scaffold/seed_0/interpremol_frozen/interpremol_frozen_predictions.csv,1631,204,204,/home/ubuntu/interpremol_benchmarks/moleculenet_20260406_124952/bbbp/scaffold/seed_0/splits/train.csv,/home/ubuntu/interpremol_benchmarks/moleculenet_20260406_124952/bbbp/scaffold/seed_0/splits/val.csv,/home/ubuntu/interpremol_benchmarks/moleculenet_20260406_124952/bbbp/scaffold/seed_0/splits/test.csv,True
bbbp,scaffold,0,classification,chemeleon_frozen,roc_auc,0.7289719626168223,1,/home/ubuntu/interpremol_benchmarks/moleculenet_20260406_124952/bbbp/scaffold/seed_0/chemeleon_frozen/chemeleon_frozen_predictions.csv,1631,204,204,/home/ubuntu/interpremol_benchmarks/moleculenet_20260406_124952/bbbp/scaffold/seed_0/splits/train.csv,/home/ubuntu/interpremol_benchmarks/moleculenet_20260406_124952/bbbp/scaffold/seed_0/splits/val.csv,/home/ubuntu/interpremol_benchmarks/moleculenet_20260406_124952/bbbp/scaffold/seed_0/splits/test.csv,True
bbbp,scaffold,0,classification,chemeleon_finetune,roc_auc,0.7288756142210232,1,/home/ubuntu/interpremol_benchmarks/moleculenet_20260406_124952/bbbp/scaffold/seed_0/chemeleon_finetune/chemeleon_finetune_predictions.csv,1631,204,204,/home/ubuntu/interpremol_benchmarks/moleculenet_20260406_124952/bbbp/scaffold/seed_0/splits/train.csv,/home/ubuntu/interpremol_benchmarks/moleculenet_20260406_124952/bbbp/scaffold/seed_0/splits/val.csv,/home/ubuntu/interpremol_benchmarks/moleculenet_20260406_124952/bbbp/scaffold/seed_0/splits/test.csv,True
bbbp,scaffold,0,classification,random_forest,roc_auc,0.699633876095963,1,/home/ubuntu/interpremol_benchmarks/moleculenet_20260406_124952/bbbp/scaffold/seed_0/random_forest/random_forest_predictions.csv,1631,204,204,/home/ubuntu/interpremol_benchmarks/moleculenet_20260406_124952/bbbp/scaffold/seed_0/splits/train.csv,/home/ubuntu/interpremol_benchmarks/moleculenet_20260406_124952/bbbp/scaffold/seed_0/splits/val.csv,/home/ubuntu/interpremol_benchmarks/moleculenet_20260406_124952/bbbp/scaffold/seed_0/splits/test.csv,True
bbbp,scaffold,1,classification,interpremol_frozen,roc_auc,0.59389151170633,1,/home/ubuntu/interpremol_benchmarks/moleculenet_20260406_124952/bbbp/scaffold/seed_1/interpremol_frozen/interpremol_frozen_predictions.csv,1631,204,204,/home/ubuntu/interpremol_benchmarks/moleculenet_20260406_124952/bbbp/scaffold/seed_1/splits/train.csv,/home/ubuntu/interpremol_benchmarks/moleculenet_20260406_124952/bbbp/scaffold/seed_1/splits/val.csv,/home/ubuntu/interpremol_benchmarks/moleculenet_20260406_124952/bbbp/scaffold/seed_1/splits/test.csv,True
bbbp,scaffold,1,classification,chemeleon_frozen,roc_auc,0.7389921957799402,1,/home/ubuntu/interpremol_benchmarks/moleculenet_20260406_124952/bbbp/scaffold/seed_1/chemeleon_frozen/chemeleon_frozen_predictions.csv,1631,204,204,/home/ubuntu/interpremol_benchmarks/moleculenet_20260406_124952/bbbp/scaffold/seed_1/splits/train.csv,/home/ubuntu/interpremol_benchmarks/moleculenet_20260406_124952/bbbp/scaffold/seed_1/splits/val.csv,/home/ubuntu/interpremol_benchmarks/moleculenet_20260406_124952/bbbp/scaffold/seed_1/splits/test.csv,True
bbbp,scaffold,1,classification,chemeleon_finetune,roc_auc,0.7291646594084209,1,/home/ubuntu/interpremol_benchmarks/moleculenet_20260406_124952/bbbp/scaffold/seed_1/chemeleon_finetune/chemeleon_finetune_predictions.csv,1631,204,204,/home/ubuntu/interpremol_benchmarks/moleculenet_20260406_124952/bbbp/scaffold/seed_1/splits/train.csv,/home/ubuntu/interpremol_benchmarks/moleculenet_20260406_124952/bbbp/scaffold/seed_1/splits/val.csv,/home/ubuntu/interpremol_benchmarks/moleculenet_20260406_124952/bbbp/scaffold/seed_1/splits/test.csv,True
bbbp,scaffold,1,classification,random_forest,roc_auc,0.699633876095963,1,/home/ubuntu/interpremol_benchmarks/moleculenet_20260406_124952/bbbp/scaffold/seed_1/random_forest/random_forest_predictions.csv,1631,204,204,/home/ubuntu/interpremol_benchmarks/moleculenet_20260406_124952/bbbp/scaffold/seed_1/splits/train.csv,/home/ubuntu/interpremol_benchmarks/moleculenet_20260406_124952/bbbp/scaffold/seed_1/splits/val.csv,/home/ubuntu/interpremol_benchmarks/moleculenet_20260406_124952/bbbp/scaffold/seed_1/splits/test.csv,True
bbbp,scaffold,2,classification,interpremol_frozen,roc_auc,0.5949513440601214,1,/home/ubuntu/interpremol_benchmarks/moleculenet_20260406_124952/bbbp/scaffold/seed_2/interpremol_frozen/interpremol_frozen_predictions.csv,1631,204,204,/home/ubuntu/interpremol_benchmarks/moleculenet_20260406_124952/bbbp/scaffold/seed_2/splits/train.csv,/home/ubuntu/interpremol_benchmarks/moleculenet_20260406_124952/bbbp/scaffold/seed_2/splits/val.csv,/home/ubuntu/interpremol_benchmarks/moleculenet_20260406_124952/bbbp/scaffold/seed_2/splits/test.csv,True
bbbp,scaffold,2,classification,chemeleon_frozen,roc_auc,0.7377396666345505,1,/home/ubuntu/interpremol_benchmarks/moleculenet_20260406_124952/bbbp/scaffold/seed_2/chemeleon_frozen/chemeleon_frozen_predictions.csv,1631,204,204,/home/ubuntu/interpremol_benchmarks/moleculenet_20260406_124952/bbbp/scaffold/seed_2/splits/train.csv,/home/ubuntu/interpremol_benchmarks/moleculenet_20260406_124952/bbbp/scaffold/seed_2/splits/val.csv,/home/ubuntu/interpremol_benchmarks/moleculenet_20260406_124952/bbbp/scaffold/seed_2/splits/test.csv,True
bbbp,scaffold,2,classification,chemeleon_finetune,roc_auc,0.7336930340109837,1,/home/ubuntu/interpremol_benchmarks/moleculenet_20260406_124952/bbbp/scaffold/seed_2/chemeleon_finetune/chemeleon_finetune_predictions.csv,1631,204,204,/home/ubuntu/interpremol_benchmarks/moleculenet_20260406_124952/bbbp/scaffold/seed_2/splits/train.csv,/home/ubuntu/interpremol_benchmarks/moleculenet_20260406_124952/bbbp/scaffold/seed_2/splits/val.csv,/home/ubuntu/interpremol_benchmarks/moleculenet_20260406_124952/bbbp/scaffold/seed_2/splits/test.csv,True
bbbp,scaffold,2,classification,random_forest,roc_auc,0.699633876095963,1,/home/ubuntu/interpremol_benchmarks/moleculenet_20260406_124952/bbbp/scaffold/seed_2/random_forest/random_forest_predictions.csv,1631,204,204,/home/ubuntu/interpremol_benchmarks/moleculenet_20260406_124952/bbbp/scaffold/seed_2/splits/train.csv,/home/ubuntu/interpremol_benchmarks/moleculenet_20260406_124952/bbbp/scaffold/seed_2/splits/val.csv,/home/ubuntu/interpremol_benchmarks/moleculenet_20260406_124952/bbbp/scaffold/seed_2/splits/test.csv,True
bace,random,0,classification,interpremol_frozen,roc_auc,0.6600865800865802,1,/home/ubuntu/interpremol_benchmarks/moleculenet_20260406_124952/bace/random/seed_0/interpremol_frozen/interpremol_frozen_predictions.csv,1210,151,152,/home/ubuntu/interpremol_benchmarks/moleculenet_20260406_124952/bace/random/seed_0/splits/train.csv,/home/ubuntu/interpremol_benchmarks/moleculenet_20260406_124952/bace/random/seed_0/splits/val.csv,/home/ubuntu/interpremol_benchmarks/moleculenet_20260406_124952/bace/random/seed_0/splits/test.csv,True
bace,random,0,classification,chemeleon_frozen,roc_auc,0.8872727272727273,1,/home/ubuntu/interpremol_benchmarks/moleculenet_20260406_124952/bace/random/seed_0/chemeleon_frozen/chemeleon_frozen_predictions.csv,1210,151,152,/home/ubuntu/interpremol_benchmarks/moleculenet_20260406_124952/bace/random/seed_0/splits/train.csv,/home/ubuntu/interpremol_benchmarks/moleculenet_20260406_124952/bace/random/seed_0/splits/val.csv,/home/ubuntu/interpremol_benchmarks/moleculenet_20260406_124952/bace/random/seed_0/splits/test.csv,True
bace,random,0,classification,chemeleon_finetune,roc_auc,0.8763636363636363,1,/home/ubuntu/interpremol_benchmarks/moleculenet_20260406_124952/bace/random/seed_0/chemeleon_finetune/chemeleon_finetune_predictions.csv,1210,151,152,/home/ubuntu/interpremol_benchmarks/moleculenet_20260406_124952/bace/random/seed_0/splits/train.csv,/home/ubuntu/interpremol_benchmarks/moleculenet_20260406_124952/bace/random/seed_0/splits/val.csv,/home/ubuntu/interpremol_benchmarks/moleculenet_20260406_124952/bace/random/seed_0/splits/test.csv,True
bace,random,0,classification,random_forest,roc_auc,0.888831168831169,1,/home/ubuntu/interpremol_benchmarks/moleculenet_20260406_124952/bace/random/seed_0/random_forest/random_forest_predictions.csv,1210,151,152,/home/ubuntu/interpremol_benchmarks/moleculenet_20260406_124952/bace/random/seed_0/splits/train.csv,/home/ubuntu/interpremol_benchmarks/moleculenet_20260406_124952/bace/random/seed_0/splits/val.csv,/home/ubuntu/interpremol_benchmarks/moleculenet_20260406_124952/bace/random/seed_0/splits/test.csv,True
bace,random,1,classification,interpremol_frozen,roc_auc,0.5648082386363635,1,/home/ubuntu/interpremol_benchmarks/moleculenet_20260406_124952/bace/random/seed_1/interpremol_frozen/interpremol_frozen_predictions.csv,1210,151,152,/home/ubuntu/interpremol_benchmarks/moleculenet_20260406_124952/bace/random/seed_1/splits/train.csv,/home/ubuntu/interpremol_benchmarks/moleculenet_20260406_124952/bace/random/seed_1/splits/val.csv,/home/ubuntu/interpremol_benchmarks/moleculenet_20260406_124952/bace/random/seed_1/splits/test.csv,True
bace,random,1,classification,chemeleon_frozen,roc_auc,0.9030539772727272,1,/home/ubuntu/interpremol_benchmarks/moleculenet_20260406_124952/bace/random/seed_1/chemeleon_frozen/chemeleon_frozen_predictions.csv,1210,151,152,/home/ubuntu/interpremol_benchmarks/moleculenet_20260406_124952/bace/random/seed_1/splits/train.csv,/home/ubuntu/interpremol_benchmarks/moleculenet_20260406_124952/bace/random/seed_1/splits/val.csv,/home/ubuntu/interpremol_benchmarks/moleculenet_20260406_124952/bace/random/seed_1/splits/test.csv,True
bace,random,1,classification,chemeleon_finetune,roc_auc,0.9106889204545454,1,/home/ubuntu/interpremol_benchmarks/moleculenet_20260406_124952/bace/random/seed_1/chemeleon_finetune/chemeleon_finetune_predictions.csv,1210,151,152,/home/ubuntu/interpremol_benchmarks/moleculenet_20260406_124952/bace/random/seed_1/splits/train.csv,/home/ubuntu/interpremol_benchmarks/moleculenet_20260406_124952/bace/random/seed_1/splits/val.csv,/home/ubuntu/interpremol_benchmarks/moleculenet_20260406_124952/bace/random/seed_1/splits/test.csv,True
bace,random,1,classification,random_forest,roc_auc,0.9205433238636364,1,/home/ubuntu/interpremol_benchmarks/moleculenet_20260406_124952/bace/random/seed_1/random_forest/random_forest_predictions.csv,1210,151,152,/home/ubuntu/interpremol_benchmarks/moleculenet_20260406_124952/bace/random/seed_1/splits/train.csv,/home/ubuntu/interpremol_benchmarks/moleculenet_20260406_124952/bace/random/seed_1/splits/val.csv,/home/ubuntu/interpremol_benchmarks/moleculenet_20260406_124952/bace/random/seed_1/splits/test.csv,True
bace,random,2,classification,interpremol_frozen,roc_auc,0.5940697069533553,1,/home/ubuntu/interpremol_benchmarks/moleculenet_20260406_124952/bace/random/seed_2/interpremol_frozen/interpremol_frozen_predictions.csv,1210,151,152,/home/ubuntu/interpremol_benchmarks/moleculenet_20260406_124952/bace/random/seed_2/splits/train.csv,/home/ubuntu/interpremol_benchmarks/moleculenet_20260406_124952/bace/random/seed_2/splits/val.csv,/home/ubuntu/interpremol_benchmarks/moleculenet_20260406_124952/bace/random/seed_2/splits/test.csv,True
bace,random,2,classification,chemeleon_frozen,roc_auc,0.8968267730189008,1,/home/ubuntu/interpremol_benchmarks/moleculenet_20260406_124952/bace/random/seed_2/chemeleon_frozen/chemeleon_frozen_predictions.csv,1210,151,152,/home/ubuntu/interpremol_benchmarks/moleculenet_20260406_124952/bace/random/seed_2/splits/train.csv,/home/ubuntu/interpremol_benchmarks/moleculenet_20260406_124952/bace/random/seed_2/splits/val.csv,/home/ubuntu/interpremol_benchmarks/moleculenet_20260406_124952/bace/random/seed_2/splits/test.csv,True
bace,random,2,classification,chemeleon_finetune,roc_auc,0.895266169585573,1,/home/ubuntu/interpremol_benchmarks/moleculenet_20260406_124952/bace/random/seed_2/chemeleon_finetune/chemeleon_finetune_predictions.csv,1210,151,152,/home/ubuntu/interpremol_benchmarks/moleculenet_20260406_124952/bace/random/seed_2/splits/train.csv,/home/ubuntu/interpremol_benchmarks/moleculenet_20260406_124952/bace/random/seed_2/splits/val.csv,/home/ubuntu/interpremol_benchmarks/moleculenet_20260406_124952/bace/random/seed_2/splits/test.csv,True
bace,random,2,classification,random_forest,roc_auc,0.908878099531819,1,/home/ubuntu/interpremol_benchmarks/moleculenet_20260406_124952/bace/random/seed_2/random_forest/random_forest_predictions.csv,1210,151,152,/home/ubuntu/interpremol_benchmarks/moleculenet_20260406_124952/bace/random/seed_2/splits/train.csv,/home/ubuntu/interpremol_benchmarks/moleculenet_20260406_124952/bace/random/seed_2/splits/val.csv,/home/ubuntu/interpremol_benchmarks/moleculenet_20260406_124952/bace/random/seed_2/splits/test.csv,True
bace,scaffold,0,classification,interpremol_frozen,roc_auc,0.6806159420289855,1,/home/ubuntu/interpremol_benchmarks/moleculenet_20260406_124952/bace/scaffold/seed_0/interpremol_frozen/interpremol_frozen_predictions.csv,1210,151,152,/home/ubuntu/interpremol_benchmarks/moleculenet_20260406_124952/bace/scaffold/seed_0/splits/train.csv,/home/ubuntu/interpremol_benchmarks/moleculenet_20260406_124952/bace/scaffold/seed_0/splits/val.csv,/home/ubuntu/interpremol_benchmarks/moleculenet_20260406_124952/bace/scaffold/seed_0/splits/test.csv,True
bace,scaffold,0,classification,chemeleon_frozen,roc_auc,0.8429347826086956,1,/home/ubuntu/interpremol_benchmarks/moleculenet_20260406_124952/bace/scaffold/seed_0/chemeleon_frozen/chemeleon_frozen_predictions.csv,1210,151,152,/home/ubuntu/interpremol_benchmarks/moleculenet_20260406_124952/bace/scaffold/seed_0/splits/train.csv,/home/ubuntu/interpremol_benchmarks/moleculenet_20260406_124952/bace/scaffold/seed_0/splits/val.csv,/home/ubuntu/interpremol_benchmarks/moleculenet_20260406_124952/bace/scaffold/seed_0/splits/test.csv,True
bace,scaffold,0,classification,chemeleon_finetune,roc_auc,0.854891304347826,1,/home/ubuntu/interpremol_benchmarks/moleculenet_20260406_124952/bace/scaffold/seed_0/chemeleon_finetune/chemeleon_finetune_predictions.csv,1210,151,152,/home/ubuntu/interpremol_benchmarks/moleculenet_20260406_124952/bace/scaffold/seed_0/splits/train.csv,/home/ubuntu/interpremol_benchmarks/moleculenet_20260406_124952/bace/scaffold/seed_0/splits/val.csv,/home/ubuntu/interpremol_benchmarks/moleculenet_20260406_124952/bace/scaffold/seed_0/splits/test.csv,True
bace,scaffold,0,classification,random_forest,roc_auc,0.896286231884058,1,/home/ubuntu/interpremol_benchmarks/moleculenet_20260406_124952/bace/scaffold/seed_0/random_forest/random_forest_predictions.csv,1210,151,152,/home/ubuntu/interpremol_benchmarks/moleculenet_20260406_124952/bace/scaffold/seed_0/splits/train.csv,/home/ubuntu/interpremol_benchmarks/moleculenet_20260406_124952/bace/scaffold/seed_0/splits/val.csv,/home/ubuntu/interpremol_benchmarks/moleculenet_20260406_124952/bace/scaffold/seed_0/splits/test.csv,True
bace,scaffold,1,classification,interpremol_frozen,roc_auc,0.6610507246376811,1,/home/ubuntu/interpremol_benchmarks/moleculenet_20260406_124952/bace/scaffold/seed_1/interpremol_frozen/interpremol_frozen_predictions.csv,1210,151,152,/home/ubuntu/interpremol_benchmarks/moleculenet_20260406_124952/bace/scaffold/seed_1/splits/train.csv,/home/ubuntu/interpremol_benchmarks/moleculenet_20260406_124952/bace/scaffold/seed_1/splits/val.csv,/home/ubuntu/interpremol_benchmarks/moleculenet_20260406_124952/bace/scaffold/seed_1/splits/test.csv,True
bace,scaffold,1,classification,chemeleon_frozen,roc_auc,0.8481884057971014,1,/home/ubuntu/interpremol_benchmarks/moleculenet_20260406_124952/bace/scaffold/seed_1/chemeleon_frozen/chemeleon_frozen_predictions.csv,1210,151,152,/home/ubuntu/interpremol_benchmarks/moleculenet_20260406_124952/bace/scaffold/seed_1/splits/train.csv,/home/ubuntu/interpremol_benchmarks/moleculenet_20260406_124952/bace/scaffold/seed_1/splits/val.csv,/home/ubuntu/interpremol_benchmarks/moleculenet_20260406_124952/bace/scaffold/seed_1/splits/test.csv,True
bace,scaffold,1,classification,chemeleon_finetune,roc_auc,0.8472826086956522,1,/home/ubuntu/interpremol_benchmarks/moleculenet_20260406_124952/bace/scaffold/seed_1/chemeleon_finetune/chemeleon_finetune_predictions.csv,1210,151,152,/home/ubuntu/interpremol_benchmarks/moleculenet_20260406_124952/bace/scaffold/seed_1/splits/train.csv,/home/ubuntu/interpremol_benchmarks/moleculenet_20260406_124952/bace/scaffold/seed_1/splits/val.csv,/home/ubuntu/interpremol_benchmarks/moleculenet_20260406_124952/bace/scaffold/seed_1/splits/test.csv,True
bace,scaffold,1,classification,random_forest,roc_auc,0.896286231884058,1,/home/ubuntu/interpremol_benchmarks/moleculenet_20260406_124952/bace/scaffold/seed_1/random_forest/random_forest_predictions.csv,1210,151,152,/home/ubuntu/interpremol_benchmarks/moleculenet_20260406_124952/bace/scaffold/seed_1/splits/train.csv,/home/ubuntu/interpremol_benchmarks/moleculenet_20260406_124952/bace/scaffold/seed_1/splits/val.csv,/home/ubuntu/interpremol_benchmarks/moleculenet_20260406_124952/bace/scaffold/seed_1/splits/test.csv,True
bace,scaffold,2,classification,interpremol_frozen,roc_auc,0.6717391304347826,1,/home/ubuntu/interpremol_benchmarks/moleculenet_20260406_124952/bace/scaffold/seed_2/interpremol_frozen/interpremol_frozen_predictions.csv,1210,151,152,/home/ubuntu/interpremol_benchmarks/moleculenet_20260406_124952/bace/scaffold/seed_2/splits/train.csv,/home/ubuntu/interpremol_benchmarks/moleculenet_20260406_124952/bace/scaffold/seed_2/splits/val.csv,/home/ubuntu/interpremol_benchmarks/moleculenet_20260406_124952/bace/scaffold/seed_2/splits/test.csv,True
bace,scaffold,2,classification,chemeleon_frozen,roc_auc,0.8516304347826087,1,/home/ubuntu/interpremol_benchmarks/moleculenet_20260406_124952/bace/scaffold/seed_2/chemeleon_frozen/chemeleon_frozen_predictions.csv,1210,151,152,/home/ubuntu/interpremol_benchmarks/moleculenet_20260406_124952/bace/scaffold/seed_2/splits/train.csv,/home/ubuntu/interpremol_benchmarks/moleculenet_20260406_124952/bace/scaffold/seed_2/splits/val.csv,/home/ubuntu/interpremol_benchmarks/moleculenet_20260406_124952/bace/scaffold/seed_2/splits/test.csv,True
bace,scaffold,2,classification,chemeleon_finetune,roc_auc,0.842391304347826,1,/home/ubuntu/interpremol_benchmarks/moleculenet_20260406_124952/bace/scaffold/seed_2/chemeleon_finetune/chemeleon_finetune_predictions.csv,1210,151,152,/home/ubuntu/interpremol_benchmarks/moleculenet_20260406_124952/bace/scaffold/seed_2/splits/train.csv,/home/ubuntu/interpremol_benchmarks/moleculenet_20260406_124952/bace/scaffold/seed_2/splits/val.csv,/home/ubuntu/interpremol_benchmarks/moleculenet_20260406_124952/bace/scaffold/seed_2/splits/test.csv,True
bace,scaffold,2,classification,random_forest,roc_auc,0.896286231884058,1,/home/ubuntu/interpremol_benchmarks/moleculenet_20260406_124952/bace/scaffold/seed_2/random_forest/random_forest_predictions.csv,1210,151,152,/home/ubuntu/interpremol_benchmarks/moleculenet_20260406_124952/bace/scaffold/seed_2/splits/train.csv,/home/ubuntu/interpremol_benchmarks/moleculenet_20260406_124952/bace/scaffold/seed_2/splits/val.csv,/home/ubuntu/interpremol_benchmarks/moleculenet_20260406_124952/bace/scaffold/seed_2/splits/test.csv,True
clintox,random,0,classification,interpremol_frozen,roc_auc,0.6462663316677915,2,/home/ubuntu/interpremol_benchmarks/moleculenet_20260406_124952/clintox/random/seed_0/interpremol_frozen/interpremol_frozen_predictions.csv,1184,148,148,/home/ubuntu/interpremol_benchmarks/moleculenet_20260406_124952/clintox/random/seed_0/splits/train.csv,/home/ubuntu/interpremol_benchmarks/moleculenet_20260406_124952/clintox/random/seed_0/splits/val.csv,/home/ubuntu/interpremol_benchmarks/moleculenet_20260406_124952/clintox/random/seed_0/splits/test.csv,True
clintox,random,0,classification,chemeleon_frozen,roc_auc,0.9234427373113504,2,/home/ubuntu/interpremol_benchmarks/moleculenet_20260406_124952/clintox/random/seed_0/chemeleon_frozen/chemeleon_frozen_predictions.csv,1184,148,148,/home/ubuntu/interpremol_benchmarks/moleculenet_20260406_124952/clintox/random/seed_0/splits/train.csv,/home/ubuntu/interpremol_benchmarks/moleculenet_20260406_124952/clintox/random/seed_0/splits/val.csv,/home/ubuntu/interpremol_benchmarks/moleculenet_20260406_124952/clintox/random/seed_0/splits/test.csv,True
clintox,random,0,classification,chemeleon_finetune,roc_auc,0.926996806923814,2,/home/ubuntu/interpremol_benchmarks/moleculenet_20260406_124952/clintox/random/seed_0/chemeleon_finetune/chemeleon_finetune_predictions.csv,1184,148,148,/home/ubuntu/interpremol_benchmarks/moleculenet_20260406_124952/clintox/random/seed_0/splits/train.csv,/home/ubuntu/interpremol_benchmarks/moleculenet_20260406_124952/clintox/random/seed_0/splits/val.csv,/home/ubuntu/interpremol_benchmarks/moleculenet_20260406_124952/clintox/random/seed_0/splits/test.csv,True
clintox,random,0,classification,random_forest,roc_auc,0.6587353036258146,2,/home/ubuntu/interpremol_benchmarks/moleculenet_20260406_124952/clintox/random/seed_0/random_forest/random_forest_predictions.csv,1184,148,148,/home/ubuntu/interpremol_benchmarks/moleculenet_20260406_124952/clintox/random/seed_0/splits/train.csv,/home/ubuntu/interpremol_benchmarks/moleculenet_20260406_124952/clintox/random/seed_0/splits/val.csv,/home/ubuntu/interpremol_benchmarks/moleculenet_20260406_124952/clintox/random/seed_0/splits/test.csv,True
clintox,random,1,classification,interpremol_frozen,roc_auc,0.6326468881213407,2,/home/ubuntu/interpremol_benchmarks/moleculenet_20260406_124952/clintox/random/seed_1/interpremol_frozen/interpremol_frozen_predictions.csv,1184,148,148,/home/ubuntu/interpremol_benchmarks/moleculenet_20260406_124952/clintox/random/seed_1/splits/train.csv,/home/ubuntu/interpremol_benchmarks/moleculenet_20260406_124952/clintox/random/seed_1/splits/val.csv,/home/ubuntu/interpremol_benchmarks/moleculenet_20260406_124952/clintox/random/seed_1/splits/test.csv,True
clintox,random,1,classification,chemeleon_frozen,roc_auc,0.8329648723809308,2,/home/ubuntu/interpremol_benchmarks/moleculenet_20260406_124952/clintox/random/seed_1/chemeleon_frozen/chemeleon_frozen_predictions.csv,1184,148,148,/home/ubuntu/interpremol_benchmarks/moleculenet_20260406_124952/clintox/random/seed_1/splits/train.csv,/home/ubuntu/interpremol_benchmarks/moleculenet_20260406_124952/clintox/random/seed_1/splits/val.csv,/home/ubuntu/interpremol_benchmarks/moleculenet_20260406_124952/clintox/random/seed_1/splits/test.csv,True
clintox,random,1,classification,chemeleon_finetune,roc_auc,0.8572031374951083,2,/home/ubuntu/interpremol_benchmarks/moleculenet_20260406_124952/clintox/random/seed_1/chemeleon_finetune/chemeleon_finetune_predictions.csv,1184,148,148,/home/ubuntu/interpremol_benchmarks/moleculenet_20260406_124952/clintox/random/seed_1/splits/train.csv,/home/ubuntu/interpremol_benchmarks/moleculenet_20260406_124952/clintox/random/seed_1/splits/val.csv,/home/ubuntu/interpremol_benchmarks/moleculenet_20260406_124952/clintox/random/seed_1/splits/test.csv,True
clintox,random,1,classification,random_forest,roc_auc,0.8425704735923714,2,/home/ubuntu/interpremol_benchmarks/moleculenet_20260406_124952/clintox/random/seed_1/random_forest/random_forest_predictions.csv,1184,148,148,/home/ubuntu/interpremol_benchmarks/moleculenet_20260406_124952/clintox/random/seed_1/splits/train.csv,/home/ubuntu/interpremol_benchmarks/moleculenet_20260406_124952/clintox/random/seed_1/splits/val.csv,/home/ubuntu/interpremol_benchmarks/moleculenet_20260406_124952/clintox/random/seed_1/splits/test.csv,True
clintox,random,2,classification,interpremol_frozen,roc_auc,0.6886881566175631,2,/home/ubuntu/interpremol_benchmarks/moleculenet_20260406_124952/clintox/random/seed_2/interpremol_frozen/interpremol_frozen_predictions.csv,1184,148,148,/home/ubuntu/interpremol_benchmarks/moleculenet_20260406_124952/clintox/random/seed_2/splits/train.csv,/home/ubuntu/interpremol_benchmarks/moleculenet_20260406_124952/clintox/random/seed_2/splits/val.csv,/home/ubuntu/interpremol_benchmarks/moleculenet_20260406_124952/clintox/random/seed_2/splits/test.csv,True
clintox,random,2,classification,chemeleon_frozen,roc_auc,0.8875949240607514,2,/home/ubuntu/interpremol_benchmarks/moleculenet_20260406_124952/clintox/random/seed_2/chemeleon_frozen/chemeleon_frozen_predictions.csv,1184,148,148,/home/ubuntu/interpremol_benchmarks/moleculenet_20260406_124952/clintox/random/seed_2/splits/train.csv,/home/ubuntu/interpremol_benchmarks/moleculenet_20260406_124952/clintox/random/seed_2/splits/val.csv,/home/ubuntu/interpremol_benchmarks/moleculenet_20260406_124952/clintox/random/seed_2/splits/test.csv,True
clintox,random,2,classification,chemeleon_finetune,roc_auc,0.8972188320771954,2,/home/ubuntu/interpremol_benchmarks/moleculenet_20260406_124952/clintox/random/seed_2/chemeleon_finetune/chemeleon_finetune_predictions.csv,1184,148,148,/home/ubuntu/interpremol_benchmarks/moleculenet_20260406_124952/clintox/random/seed_2/splits/train.csv,/home/ubuntu/interpremol_benchmarks/moleculenet_20260406_124952/clintox/random/seed_2/splits/val.csv,/home/ubuntu/interpremol_benchmarks/moleculenet_20260406_124952/clintox/random/seed_2/splits/test.csv,True
clintox,random,2,classification,random_forest,roc_auc,0.8095846537056071,2,/home/ubuntu/interpremol_benchmarks/moleculenet_20260406_124952/clintox/random/seed_2/random_forest/random_forest_predictions.csv,1184,148,148,/home/ubuntu/interpremol_benchmarks/moleculenet_20260406_124952/clintox/random/seed_2/splits/train.csv,/home/ubuntu/interpremol_benchmarks/moleculenet_20260406_124952/clintox/random/seed_2/splits/val.csv,/home/ubuntu/interpremol_benchmarks/moleculenet_20260406_124952/clintox/random/seed_2/splits/test.csv,True
clintox,scaffold,0,classification,interpremol_frozen,roc_auc,0.5936416084523686,2,/home/ubuntu/interpremol_benchmarks/moleculenet_20260406_124952/clintox/scaffold/seed_0/interpremol_frozen/interpremol_frozen_predictions.csv,1184,148,148,/home/ubuntu/interpremol_benchmarks/moleculenet_20260406_124952/clintox/scaffold/seed_0/splits/train.csv,/home/ubuntu/interpremol_benchmarks/moleculenet_20260406_124952/clintox/scaffold/seed_0/splits/val.csv,/home/ubuntu/interpremol_benchmarks/moleculenet_20260406_124952/clintox/scaffold/seed_0/splits/test.csv,True
clintox,scaffold,0,classification,chemeleon_frozen,roc_auc,0.8023754909116185,2,/home/ubuntu/interpremol_benchmarks/moleculenet_20260406_124952/clintox/scaffold/seed_0/chemeleon_frozen/chemeleon_frozen_predictions.csv,1184,148,148,/home/ubuntu/interpremol_benchmarks/moleculenet_20260406_124952/clintox/scaffold/seed_0/splits/train.csv,/home/ubuntu/interpremol_benchmarks/moleculenet_20260406_124952/clintox/scaffold/seed_0/splits/val.csv,/home/ubuntu/interpremol_benchmarks/moleculenet_20260406_124952/clintox/scaffold/seed_0/splits/test.csv,True
clintox,scaffold,0,classification,chemeleon_finetune,roc_auc,0.8272581934452439,2,/home/ubuntu/interpremol_benchmarks/moleculenet_20260406_124952/clintox/scaffold/seed_0/chemeleon_finetune/chemeleon_finetune_predictions.csv,1184,148,148,/home/ubuntu/interpremol_benchmarks/moleculenet_20260406_124952/clintox/scaffold/seed_0/splits/train.csv,/home/ubuntu/interpremol_benchmarks/moleculenet_20260406_124952/clintox/scaffold/seed_0/splits/val.csv,/home/ubuntu/interpremol_benchmarks/moleculenet_20260406_124952/clintox/scaffold/seed_0/splits/test.csv,True
clintox,scaffold,0,classification,random_forest,roc_auc,0.8047379487714177,2,/home/ubuntu/interpremol_benchmarks/moleculenet_20260406_124952/clintox/scaffold/seed_0/random_forest/random_forest_predictions.csv,1184,148,148,/home/ubuntu/interpremol_benchmarks/moleculenet_20260406_124952/clintox/scaffold/seed_0/splits/train.csv,/home/ubuntu/interpremol_benchmarks/moleculenet_20260406_124952/clintox/scaffold/seed_0/splits/val.csv,/home/ubuntu/interpremol_benchmarks/moleculenet_20260406_124952/clintox/scaffold/seed_0/splits/test.csv,True
clintox,scaffold,1,classification,interpremol_frozen,roc_auc,0.5899098112814096,2,/home/ubuntu/interpremol_benchmarks/moleculenet_20260406_124952/clintox/scaffold/seed_1/interpremol_frozen/interpremol_frozen_predictions.csv,1184,148,148,/home/ubuntu/interpremol_benchmarks/moleculenet_20260406_124952/clintox/scaffold/seed_1/splits/train.csv,/home/ubuntu/interpremol_benchmarks/moleculenet_20260406_124952/clintox/scaffold/seed_1/splits/val.csv,/home/ubuntu/interpremol_benchmarks/moleculenet_20260406_124952/clintox/scaffold/seed_1/splits/test.csv,True
clintox,scaffold,1,classification,chemeleon_frozen,roc_auc,0.8140183505369617,2,/home/ubuntu/interpremol_benchmarks/moleculenet_20260406_124952/clintox/scaffold/seed_1/chemeleon_frozen/chemeleon_frozen_predictions.csv,1184,148,148,/home/ubuntu/interpremol_benchmarks/moleculenet_20260406_124952/clintox/scaffold/seed_1/splits/train.csv,/home/ubuntu/interpremol_benchmarks/moleculenet_20260406_124952/clintox/scaffold/seed_1/splits/val.csv,/home/ubuntu/interpremol_benchmarks/moleculenet_20260406_124952/clintox/scaffold/seed_1/splits/test.csv,True
clintox,scaffold,1,classification,chemeleon_finetune,roc_auc,0.8295311576825497,2,/home/ubuntu/interpremol_benchmarks/moleculenet_20260406_124952/clintox/scaffold/seed_1/chemeleon_finetune/chemeleon_finetune_predictions.csv,1184,148,148,/home/ubuntu/interpremol_benchmarks/moleculenet_20260406_124952/clintox/scaffold/seed_1/splits/train.csv,/home/ubuntu/interpremol_benchmarks/moleculenet_20260406_124952/clintox/scaffold/seed_1/splits/val.csv,/home/ubuntu/interpremol_benchmarks/moleculenet_20260406_124952/clintox/scaffold/seed_1/splits/test.csv,True
clintox,scaffold,1,classification,random_forest,roc_auc,0.8047379487714177,2,/home/ubuntu/interpremol_benchmarks/moleculenet_20260406_124952/clintox/scaffold/seed_1/random_forest/random_forest_predictions.csv,1184,148,148,/home/ubuntu/interpremol_benchmarks/moleculenet_20260406_124952/clintox/scaffold/seed_1/splits/train.csv,/home/ubuntu/interpremol_benchmarks/moleculenet_20260406_124952/clintox/scaffold/seed_1/splits/val.csv,/home/ubuntu/interpremol_benchmarks/moleculenet_20260406_124952/clintox/scaffold/seed_1/splits/test.csv,True
clintox,scaffold,2,classification,interpremol_frozen,roc_auc,0.6285067598095437,2,/home/ubuntu/interpremol_benchmarks/moleculenet_20260406_124952/clintox/scaffold/seed_2/interpremol_frozen/interpremol_frozen_predictions.csv,1184,148,148,/home/ubuntu/interpremol_benchmarks/moleculenet_20260406_124952/clintox/scaffold/seed_2/splits/train.csv,/home/ubuntu/interpremol_benchmarks/moleculenet_20260406_124952/clintox/scaffold/seed_2/splits/val.csv,/home/ubuntu/interpremol_benchmarks/moleculenet_20260406_124952/clintox/scaffold/seed_2/splits/test.csv,True
clintox,scaffold,2,classification,chemeleon_frozen,roc_auc,0.7769175963576964,2,/home/ubuntu/interpremol_benchmarks/moleculenet_20260406_124952/clintox/scaffold/seed_2/chemeleon_frozen/chemeleon_frozen_predictions.csv,1184,148,148,/home/ubuntu/interpremol_benchmarks/moleculenet_20260406_124952/clintox/scaffold/seed_2/splits/train.csv,/home/ubuntu/interpremol_benchmarks/moleculenet_20260406_124952/clintox/scaffold/seed_2/splits/val.csv,/home/ubuntu/interpremol_benchmarks/moleculenet_20260406_124952/clintox/scaffold/seed_2/splits/test.csv,True
clintox,scaffold,2,classification,chemeleon_finetune,roc_auc,0.8318675494387099,2,/home/ubuntu/interpremol_benchmarks/moleculenet_20260406_124952/clintox/scaffold/seed_2/chemeleon_finetune/chemeleon_finetune_predictions.csv,1184,148,148,/home/ubuntu/interpremol_benchmarks/moleculenet_20260406_124952/clintox/scaffold/seed_2/splits/train.csv,/home/ubuntu/interpremol_benchmarks/moleculenet_20260406_124952/clintox/scaffold/seed_2/splits/val.csv,/home/ubuntu/interpremol_benchmarks/moleculenet_20260406_124952/clintox/scaffold/seed_2/splits/test.csv,True
clintox,scaffold,2,classification,random_forest,roc_auc,0.8047379487714177,2,/home/ubuntu/interpremol_benchmarks/moleculenet_20260406_124952/clintox/scaffold/seed_2/random_forest/random_forest_predictions.csv,1184,148,148,/home/ubuntu/interpremol_benchmarks/moleculenet_20260406_124952/clintox/scaffold/seed_2/splits/train.csv,/home/ubuntu/interpremol_benchmarks/moleculenet_20260406_124952/clintox/scaffold/seed_2/splits/val.csv,/home/ubuntu/interpremol_benchmarks/moleculenet_20260406_124952/clintox/scaffold/seed_2/splits/test.csv,True
